<?xml version="1.0" encoding="UTF-8"?>

<!DOCTYPE hibernate-mapping PUBLIC
  "-//Hibernate/Hibernate Mapping DTD 3.0//EN"
  "http://hibernate.sourceforge.net/hibernate-mapping-3.0.dtd">

<hibernate-mapping>

<class  name="A" table="tableA">
      <id name="id" column="id" type="integer" >
        <generator class="increment" />
      </id>
      <property name="name" column="name" type="string"/>
       
       <joined-subclass name="B" table="tableB"> 
           <key column="id"/>
           <property name="dept" column="dept" type="string"/>
       </joined-subclass>
       
       <joined-subclass name="C" table="tableC"> 
           <key column="id"/>
           <property name="loc" column="loc" type="string"/>
       </joined-subclass>
       
       
  </class>
  

</hibernate-mapping>
